<?xml version="1.0" encoding="utf-8" standalone="yes"?>
<rss version="2.0" xmlns:atom="http://www.w3.org/2005/Atom">
  <channel>
    <title>Categories on Royal Dice</title>
    <link>https://ies-jaume-balmes.github.io/2020-21-DAW2-M12-Royal-Dice/categories/</link>
    <description>Recent content in Categories on Royal Dice</description>
    <generator>Hugo -- gohugo.io</generator>
    
	<atom:link href="https://ies-jaume-balmes.github.io/2020-21-DAW2-M12-Royal-Dice/categories/index.xml" rel="self" type="application/rss+xml" />
    
    
  </channel>
</rss>